{
  "code": 200,
  "message": "Success",
  "data": function({
    _req,
  }) {
    let query = _req.query;
    return [{
        "id": 1,
        "title": "农业监控系统",
        "icon": "src/assets/icons/xianxingdaoyu.svg",
        "isCollection": true
      },
      {
        "id": 2,
        "title": "电商平台开发",
        "icon": "src/assets/icons/xianxingdiqiu.svg",
        "isCollection": false
      },
      {
        "id": 3,
        "title": "社交媒体应用",
        "icon": "src/assets/icons/xianxingditu.svg",
        "isCollection": false
      },
      {
        "id": 4,
        "title": "在线教育平台",
        "icon": "src/assets/icons/xianxingfanchuan.svg",
        "isCollection": true
      },
      {
        "id": 5,
        "title": "智能家居控制系统",
        "icon": "src/assets/icons/xianxingfeiji.svg",
        "isCollection": false
      },
      {
        "id": 6,
        "title": "健康管理应用",
        "icon": "src/assets/icons/xianxinglvhangriji.svg",
        "isCollection": true
      },
      {
        "id": 7,
        "title": "旅游信息平台",
        "icon": "src/assets/icons/xianxingtianqiyubao.svg",
        "isCollection": false
      },
      {
        "id": 8,
        "title": "智能物流系统",
        "icon": "src/assets/icons/xianxingxiangjipaizhao.svg",
        "isCollection": true
      },
      {
        "id": 9,
        "title": "人才招聘平台",
        "icon": "src/assets/icons/xianxingxiarilengyin.svg",
        "isCollection": false
      },
      {
        "id": 10,
        "title": "金融数据分析工具",
        "icon": "src/assets/icons/xianxingyoulun.svg",
        "isCollection": true
      },
      {
        "id": 11,
        "title": "在线购物商城",
        "icon": "src/assets/icons/xianxingdaoyu.svg",
        "isCollection": false
      },
      {
        "id": 12,
        "title": "智能车辆管理系统",
        "icon": "src/assets/icons/xianxingdaoyu.svg",
        "isCollection": false
      }
    ]
  }
}